-- --------------------------------------------------------
-- Host:                         127.0.0.1
-- Versión del servidor:         10.1.13-MariaDB - mariadb.org binary distribution
-- SO del servidor:              Win32
-- HeidiSQL Versión:             9.3.0.4984
-- --------------------------------------------------------

/*!40101 SET @OLD_CHARACTER_SET_CLIENT=@@CHARACTER_SET_CLIENT */;
/*!40101 SET NAMES utf8mb4 */;
/*!40014 SET @OLD_FOREIGN_KEY_CHECKS=@@FOREIGN_KEY_CHECKS, FOREIGN_KEY_CHECKS=0 */;
/*!40101 SET @OLD_SQL_MODE=@@SQL_MODE, SQL_MODE='NO_AUTO_VALUE_ON_ZERO' */;

-- Volcando estructura para tabla db_ujp_lib.authors
CREATE TABLE IF NOT EXISTS `authors` (
  `id` int(11) NOT NULL AUTO_INCREMENT,
  `name` varchar(250) NOT NULL,
  `active` int(11) NOT NULL,
  `created_at` timestamp NULL DEFAULT NULL,
  `updated_at` timestamp NULL DEFAULT NULL,
  PRIMARY KEY (`id`)
) ENGINE=InnoDB AUTO_INCREMENT=19 DEFAULT CHARSET=utf8;

-- Volcando datos para la tabla db_ujp_lib.authors: ~8 rows (aproximadamente)
/*!40000 ALTER TABLE `authors` DISABLE KEYS */;
INSERT INTO `authors` (`id`, `name`, `active`, `created_at`, `updated_at`) VALUES
	(2, 'Andres Oppenheimer Olm', 1, '2016-10-21 14:02:33', '2016-11-25 00:30:41'),
	(9, 'Richard Belmont', 1, '2016-11-24 23:58:40', NULL),
	(10, 'Janet Lowes', 1, '2016-11-25 00:30:59', '2016-11-25 00:31:16'),
	(11, 'Janet Kilurd', 1, '2016-11-25 00:36:22', '2016-11-25 00:36:33'),
	(13, 'Adrián García', 1, '2016-11-26 15:40:32', '2016-11-26 15:40:41'),
	(14, 'Loren Haiat', 1, '2016-12-08 16:17:20', NULL),
	(15, 'Sun-tzu', 1, '2016-12-14 13:32:57', NULL),
	(16, 'Alejandro Bárcenas', 1, '2016-12-14 13:35:28', NULL),
	(17, 'Charles C. Mann', 1, '2016-12-14 13:44:51', NULL),
	(18, 'Martin Martinez-lage', 1, '2016-12-14 13:45:18', NULL);
/*!40000 ALTER TABLE `authors` ENABLE KEYS */;


-- Volcando estructura para tabla db_ujp_lib.author_book
CREATE TABLE IF NOT EXISTS `author_book` (
  `id_book` int(11) NOT NULL,
  `id_author` int(11) NOT NULL,
  KEY `FK_author_book_books` (`id_book`),
  KEY `FK_author_book_authors` (`id_author`),
  CONSTRAINT `FK_author_book_authors` FOREIGN KEY (`id_author`) REFERENCES `authors` (`id`) ON DELETE CASCADE ON UPDATE CASCADE,
  CONSTRAINT `FK_author_book_books` FOREIGN KEY (`id_book`) REFERENCES `books` (`id`) ON DELETE CASCADE ON UPDATE CASCADE
) ENGINE=InnoDB DEFAULT CHARSET=utf8;

-- Volcando datos para la tabla db_ujp_lib.author_book: ~4 rows (aproximadamente)
/*!40000 ALTER TABLE `author_book` DISABLE KEYS */;
INSERT INTO `author_book` (`id_book`, `id_author`) VALUES
	(5, 15),
	(5, 16),
	(6, 17),
	(6, 18);
/*!40000 ALTER TABLE `author_book` ENABLE KEYS */;


-- Volcando estructura para tabla db_ujp_lib.author_book_test
CREATE TABLE IF NOT EXISTS `author_book_test` (
  `id_book` int(11) NOT NULL,
  `id_author` int(11) NOT NULL
) ENGINE=InnoDB DEFAULT CHARSET=utf8;

-- Volcando datos para la tabla db_ujp_lib.author_book_test: ~2 rows (aproximadamente)
/*!40000 ALTER TABLE `author_book_test` DISABLE KEYS */;
INSERT INTO `author_book_test` (`id_book`, `id_author`) VALUES
	(5, 12),
	(5, 3);
/*!40000 ALTER TABLE `author_book_test` ENABLE KEYS */;


-- Volcando estructura para tabla db_ujp_lib.books
CREATE TABLE IF NOT EXISTS `books` (
  `id` int(11) NOT NULL AUTO_INCREMENT,
  `title` varchar(250) NOT NULL,
  `picture` varchar(250) NOT NULL,
  `isbn` varchar(250) NOT NULL,
  `editorial` varchar(100) NOT NULL,
  `publish_date` date NOT NULL,
  `qty` int(11) NOT NULL,
  `active` int(11) NOT NULL,
  `created_at` timestamp NULL DEFAULT NULL,
  `updated_at` timestamp NULL DEFAULT NULL,
  `category_id` int(11) NOT NULL,
  PRIMARY KEY (`id`),
  KEY `FK_books_categories` (`category_id`),
  CONSTRAINT `FK_books_categories` FOREIGN KEY (`category_id`) REFERENCES `categories` (`id`) ON DELETE CASCADE ON UPDATE CASCADE
) ENGINE=InnoDB AUTO_INCREMENT=7 DEFAULT CHARSET=utf8;

-- Volcando datos para la tabla db_ujp_lib.books: ~2 rows (aproximadamente)
/*!40000 ALTER TABLE `books` DISABLE KEYS */;
INSERT INTO `books` (`id`, `title`, `picture`, `isbn`, `editorial`, `publish_date`, `qty`, `active`, `created_at`, `updated_at`, `category_id`) VALUES
	(5, 'El Arte de la Guerra', 'cover_1481676646.jpg', '978-1495385384', 'Createspace Independent Publishing Platform', '2014-01-03', 2, 1, '2016-12-06 13:30:47', '2016-12-14 13:35:41', 71),
	(6, '1491: Una Nueva Historia de La Americas Antes de Colon', 'cover_14817447922.jpg', '978-1609805159', 'Seven Stories Pr', '2013-08-13', 2, 1, '2016-12-14 13:46:32', NULL, 71);
/*!40000 ALTER TABLE `books` ENABLE KEYS */;


-- Volcando estructura para tabla db_ujp_lib.categories
CREATE TABLE IF NOT EXISTS `categories` (
  `id` int(11) NOT NULL AUTO_INCREMENT,
  `name` varchar(250) NOT NULL,
  `active` int(11) NOT NULL,
  `created_at` timestamp NULL DEFAULT NULL,
  `updated_at` timestamp NULL DEFAULT NULL,
  PRIMARY KEY (`id`)
) ENGINE=InnoDB AUTO_INCREMENT=73 DEFAULT CHARSET=utf8;

-- Volcando datos para la tabla db_ujp_lib.categories: ~6 rows (aproximadamente)
/*!40000 ALTER TABLE `categories` DISABLE KEYS */;
INSERT INTO `categories` (`id`, `name`, `active`, `created_at`, `updated_at`) VALUES
	(66, 'Ciencias', 1, '2016-11-25 00:03:17', '2016-11-25 00:24:58'),
	(67, 'Ciencias Sociales', 0, '2016-11-26 14:59:23', '2016-12-13 16:34:36'),
	(69, 'Educación', 1, '2016-11-26 16:01:16', NULL),
	(70, 'Arquitectura', 1, '2016-12-10 18:16:20', '2016-12-13 16:33:46'),
	(71, 'Política y Ciencias Sociales', 1, '2016-12-10 18:16:43', '2016-12-13 16:34:11'),
	(72, 'Harry Potter', 1, '2017-01-19 00:55:57', NULL);
/*!40000 ALTER TABLE `categories` ENABLE KEYS */;


-- Volcando estructura para tabla db_ujp_lib.ci_sessions
CREATE TABLE IF NOT EXISTS `ci_sessions` (
  `id` varchar(40) NOT NULL,
  `ip_address` varchar(45) NOT NULL,
  `timestamp` int(10) unsigned NOT NULL DEFAULT '0',
  `data` blob NOT NULL,
  KEY `ci_sessions_timestamp` (`timestamp`)
) ENGINE=InnoDB DEFAULT CHARSET=utf8;

-- Volcando datos para la tabla db_ujp_lib.ci_sessions: ~82 rows (aproximadamente)
/*!40000 ALTER TABLE `ci_sessions` DISABLE KEYS */;
INSERT INTO `ci_sessions` (`id`, `ip_address`, `timestamp`, `data`) VALUES
	('5cfeb946be8e4a52354d4d61809d89f3f9e97364', '::1', 1481170227, _binary 0x5F5F63695F6C6173745F726567656E65726174657C693A313438313136393939393B69647C733A313A2231223B757365726E616D657C733A31393A22616775696C6572617140676D61696C2E636F6D223B6C6F67696E7C733A31333A2261646D696E6973747261646F72223B),
	('a1166eabe09454c24c7be235fb326f7e3c940566', '::1', 1481170490, _binary 0x5F5F63695F6C6173745F726567656E65726174657C693A313438313137303330333B69647C733A313A2231223B757365726E616D657C733A31393A22616775696C6572617140676D61696C2E636F6D223B6C6F67696E7C733A31333A2261646D696E6973747261646F72223B),
	('e1c27776edf1f73b1ab511c5c251f6af6e4c19e8', '::1', 1481171095, _binary 0x5F5F63695F6C6173745F726567656E65726174657C693A313438313137303634363B69647C733A313A2231223B757365726E616D657C733A31393A22616775696C6572617140676D61696C2E636F6D223B6C6F67696E7C733A31333A2261646D696E6973747261646F72223B),
	('646cd300111b29934623c644b36fa716e00da7ef', '::1', 1481171418, _binary 0x5F5F63695F6C6173745F726567656E65726174657C693A313438313137313131353B69647C733A313A2231223B757365726E616D657C733A31393A22616775696C6572617140676D61696C2E636F6D223B6C6F67696E7C733A31333A2261646D696E6973747261646F72223B),
	('e96a6df57abb4f44956f5b58c0a950f8a6871ae9', '::1', 1481171509, _binary 0x5F5F63695F6C6173745F726567656E65726174657C693A313438313137313434323B69647C733A313A2231223B757365726E616D657C733A31393A22616775696C6572617140676D61696C2E636F6D223B6C6F67696E7C733A31333A2261646D696E6973747261646F72223B),
	('6857b6690e6fe370950dc559d457374eb3d86895', '::1', 1481172875, _binary 0x5F5F63695F6C6173745F726567656E65726174657C693A313438313137323532363B69647C733A313A2231223B757365726E616D657C733A31393A22616775696C6572617140676D61696C2E636F6D223B6C6F67696E7C733A31333A2261646D696E6973747261646F72223B),
	('d51481cafd31f555136e1dc747919ea93661b4be', '::1', 1481172915, _binary 0x5F5F63695F6C6173745F726567656E65726174657C693A313438313137323839323B69647C733A313A2231223B757365726E616D657C733A31393A22616775696C6572617140676D61696C2E636F6D223B6C6F67696E7C733A31333A2261646D696E6973747261646F72223B),
	('41201545d802800f5a2674c924bbb86e6021cdc3', '::1', 1481173804, _binary 0x5F5F63695F6C6173745F726567656E65726174657C693A313438313137333632303B69647C733A313A2231223B757365726E616D657C733A31393A22616775696C6572617140676D61696C2E636F6D223B6C6F67696E7C733A31333A2261646D696E6973747261646F72223B),
	('1c8033d4975f208fb1f57e776656adbd24109b67', '::1', 1481174744, _binary 0x5F5F63695F6C6173745F726567656E65726174657C693A313438313137343436383B69647C733A313A2231223B757365726E616D657C733A31393A22616775696C6572617140676D61696C2E636F6D223B6C6F67696E7C733A31333A2261646D696E6973747261646F72223B),
	('23164a2e1c06ab1a4d6af69f018c67d20b524092', '::1', 1481175069, _binary 0x5F5F63695F6C6173745F726567656E65726174657C693A313438313137343737333B69647C733A313A2231223B757365726E616D657C733A31393A22616775696C6572617140676D61696C2E636F6D223B6C6F67696E7C733A31333A2261646D696E6973747261646F72223B),
	('6ccc9b67d38ac38bf0eff3e0ee5928cdaf069e4d', '::1', 1481175198, _binary 0x5F5F63695F6C6173745F726567656E65726174657C693A313438313137353133343B69647C733A313A2231223B757365726E616D657C733A31393A22616775696C6572617140676D61696C2E636F6D223B6C6F67696E7C733A31333A2261646D696E6973747261646F72223B),
	('d28238b702f57c05ec630f0802751b960b77abfe', '::1', 1481177416, _binary 0x5F5F63695F6C6173745F726567656E65726174657C693A313438313137373137373B69647C733A313A2231223B757365726E616D657C733A31393A22616775696C6572617140676D61696C2E636F6D223B6C6F67696E7C733A31333A2261646D696E6973747261646F72223B),
	('638bdcb36474f8bbe719ac4bc110d308cb600ea8', '::1', 1481177859, _binary 0x5F5F63695F6C6173745F726567656E65726174657C693A313438313137373834353B69647C733A313A2231223B757365726E616D657C733A31393A22616775696C6572617140676D61696C2E636F6D223B6C6F67696E7C733A31333A2261646D696E6973747261646F72223B),
	('dd00346760c37e493eeae771c0daee4beaf2cfa8', '::1', 1481179020, _binary 0x5F5F63695F6C6173745F726567656E65726174657C693A313438313137383734373B69647C733A313A2231223B757365726E616D657C733A31393A22616775696C6572617140676D61696C2E636F6D223B6C6F67696E7C733A31333A2261646D696E6973747261646F72223B),
	('e88493a58400970d580d788247af51a3f225863a', '::1', 1481179396, _binary 0x5F5F63695F6C6173745F726567656E65726174657C693A313438313137393039333B69647C733A313A2231223B757365726E616D657C733A31393A22616775696C6572617140676D61696C2E636F6D223B6C6F67696E7C733A31333A2261646D696E6973747261646F72223B),
	('289536187005a993d900c568ea8e11a588734a6c', '::1', 1481179572, _binary 0x5F5F63695F6C6173745F726567656E65726174657C693A313438313137393433313B69647C733A313A2231223B757365726E616D657C733A31393A22616775696C6572617140676D61696C2E636F6D223B6C6F67696E7C733A31333A2261646D696E6973747261646F72223B),
	('5a40167a1f94dffd1dfd0be7daeca9996952b49a', '::1', 1481179975, _binary 0x5F5F63695F6C6173745F726567656E65726174657C693A313438313137393838303B69647C733A313A2231223B757365726E616D657C733A31393A22616775696C6572617140676D61696C2E636F6D223B6C6F67696E7C733A31333A2261646D696E6973747261646F72223B),
	('2558dff3a1178190409b26be17d09dbb61c1c630', '::1', 1481180884, _binary 0x5F5F63695F6C6173745F726567656E65726174657C693A313438313138303737363B69647C733A313A2231223B757365726E616D657C733A31393A22616775696C6572617140676D61696C2E636F6D223B6C6F67696E7C733A31333A2261646D696E6973747261646F72223B),
	('09f8f401f02b300dc893a8c4cc92049cd0ea0e27', '::1', 1481181455, _binary 0x5F5F63695F6C6173745F726567656E65726174657C693A313438313138313331303B69647C733A313A2231223B757365726E616D657C733A31393A22616775696C6572617140676D61696C2E636F6D223B6C6F67696E7C733A31333A2261646D696E6973747261646F72223B),
	('0bef8e7a13c1a3d9d569fec10ab05b91dfacfbed', '::1', 1481191240, _binary 0x5F5F63695F6C6173745F726567656E65726174657C693A313438313139303739363B69647C733A313A2231223B757365726E616D657C733A31393A22616775696C6572617140676D61696C2E636F6D223B6C6F67696E7C733A31333A2261646D696E6973747261646F72223B),
	('4aff7a9d3d2def4c39452d3639b8649f6a61da6e', '::1', 1481191443, _binary 0x5F5F63695F6C6173745F726567656E65726174657C693A313438313139313234363B69647C733A313A2231223B757365726E616D657C733A31393A22616775696C6572617140676D61696C2E636F6D223B6C6F67696E7C733A31333A2261646D696E6973747261646F72223B),
	('939aa0687117f9a1197a93431df5d69466dba3dc', '::1', 1481191877, _binary 0x5F5F63695F6C6173745F726567656E65726174657C693A313438313139313735313B69647C733A313A2231223B757365726E616D657C733A31393A22616775696C6572617140676D61696C2E636F6D223B6C6F67696E7C733A31333A2261646D696E6973747261646F72223B),
	('7dbf1f7611b7de10ac144c4cbd990a9229d63733', '::1', 1481192725, _binary 0x5F5F63695F6C6173745F726567656E65726174657C693A313438313139323534363B69647C733A313A2231223B757365726E616D657C733A31393A22616775696C6572617140676D61696C2E636F6D223B6C6F67696E7C733A31333A2261646D696E6973747261646F72223B),
	('25edecb84272a0beb2309431b103d275fb9ed383', '::1', 1481193223, _binary 0x5F5F63695F6C6173745F726567656E65726174657C693A313438313139333039313B69647C733A313A2231223B757365726E616D657C733A31393A22616775696C6572617140676D61696C2E636F6D223B6C6F67696E7C733A31333A2261646D696E6973747261646F72223B),
	('8721d44c68003d5b32c19f33c69a54c6232af226', '::1', 1481211029, _binary 0x5F5F63695F6C6173745F726567656E65726174657C693A313438313231303935343B69647C733A313A2231223B757365726E616D657C733A31393A22616775696C6572617140676D61696C2E636F6D223B6C6F67696E7C733A31333A2261646D696E6973747261646F72223B),
	('432ad5ad55ddb057fdb68a4c772ea357c8259af1', '::1', 1481216978, _binary 0x5F5F63695F6C6173745F726567656E65726174657C693A313438313231363637323B69647C733A313A2231223B757365726E616D657C733A31393A22616775696C6572617140676D61696C2E636F6D223B6C6F67696E7C733A31333A2261646D696E6973747261646F72223B),
	('e10507e6d6089a773e5c3f2d990c0b65ddd01467', '::1', 1481217077, _binary 0x5F5F63695F6C6173745F726567656E65726174657C693A313438313231373030303B69647C733A313A2231223B757365726E616D657C733A31393A22616775696C6572617140676D61696C2E636F6D223B6C6F67696E7C733A31333A2261646D696E6973747261646F72223B),
	('d493938927d1adfe7a24133ab46f9785956d10e8', '::1', 1481217560, _binary 0x5F5F63695F6C6173745F726567656E65726174657C693A313438313231373333353B69647C733A313A2231223B757365726E616D657C733A31393A22616775696C6572617140676D61696C2E636F6D223B6C6F67696E7C733A31333A2261646D696E6973747261646F72223B),
	('959e5597291c8f47cf07441a2a8b36dcd93c0b6b', '::1', 1481220513, _binary 0x5F5F63695F6C6173745F726567656E65726174657C693A313438313232303531333B69647C733A313A2231223B757365726E616D657C733A31393A22616775696C6572617140676D61696C2E636F6D223B6C6F67696E7C733A31333A2261646D696E6973747261646F72223B),
	('60188f0550f72d20f5964d52c52c17abef7163da', '::1', 1481225788, _binary 0x5F5F63695F6C6173745F726567656E65726174657C693A313438313232353636343B69647C733A313A2231223B757365726E616D657C733A31393A22616775696C6572617140676D61696C2E636F6D223B6C6F67696E7C733A31333A2261646D696E6973747261646F72223B),
	('fddeeb3c87f5256a5f5822bdcbaebad82fca8d83', '::1', 1481226044, _binary 0x5F5F63695F6C6173745F726567656E65726174657C693A313438313232353939323B69647C733A313A2231223B757365726E616D657C733A31393A22616775696C6572617140676D61696C2E636F6D223B6C6F67696E7C733A31333A2261646D696E6973747261646F72223B),
	('1df0d80b86ea226ae6a3798adc2a2097f461ac18', '::1', 1481226664, _binary 0x5F5F63695F6C6173745F726567656E65726174657C693A313438313232363239353B69647C733A313A2231223B757365726E616D657C733A31393A22616775696C6572617140676D61696C2E636F6D223B6C6F67696E7C733A31333A2261646D696E6973747261646F72223B),
	('154e32d2290006545d347a4f37f5434a1a5da5e9', '::1', 1481234186, _binary 0x5F5F63695F6C6173745F726567656E65726174657C693A313438313233313431323B69647C733A313A2231223B757365726E616D657C733A31393A22616775696C6572617140676D61696C2E636F6D223B6C6F67696E7C733A31333A2261646D696E6973747261646F72223B),
	('6c47c1fef14b2d9eb0b78de72cbcbb56d3a14401', '::1', 1481235483, _binary 0x5F5F63695F6C6173745F726567656E65726174657C693A313438313233353036373B69647C733A313A2231223B757365726E616D657C733A31393A22616775696C6572617140676D61696C2E636F6D223B6C6F67696E7C733A31333A2261646D696E6973747261646F72223B),
	('4ca7bb64bd598a7747ad8ad0e91669b71f07e42d', '::1', 1481235771, _binary 0x5F5F63695F6C6173745F726567656E65726174657C693A313438313233353733363B69647C733A313A2231223B757365726E616D657C733A31393A22616775696C6572617140676D61696C2E636F6D223B6C6F67696E7C733A31333A2261646D696E6973747261646F72223B),
	('7b193e5b7a1dc8b1ad3052a8d02ef95c667efb49', '::1', 1481238865, _binary 0x5F5F63695F6C6173745F726567656E65726174657C693A313438313233383834353B69647C733A313A2231223B757365726E616D657C733A31393A22616775696C6572617140676D61696C2E636F6D223B6C6F67696E7C733A31333A2261646D696E6973747261646F72223B),
	('bca20792cd219f267986fc9fdfa4f8274b2a0b8a', '::1', 1481241218, _binary 0x5F5F63695F6C6173745F726567656E65726174657C693A313438313234303730303B69647C733A313A2231223B757365726E616D657C733A31393A22616775696C6572617140676D61696C2E636F6D223B6C6F67696E7C733A31333A2261646D696E6973747261646F72223B),
	('5e3f9c1ea5c6faa6f3274cfdf1e373cfbf2bd1b0', '::1', 1481241249, _binary 0x5F5F63695F6C6173745F726567656E65726174657C693A313438313234313231393B69647C733A313A2231223B757365726E616D657C733A31393A22616775696C6572617140676D61696C2E636F6D223B6C6F67696E7C733A31333A2261646D696E6973747261646F72223B),
	('7d9183474652dffbbddc7e97a9eafbf546325db1', '::1', 1481241991, _binary 0x5F5F63695F6C6173745F726567656E65726174657C693A313438313234313833303B69647C733A313A2231223B757365726E616D657C733A31393A22616775696C6572617140676D61696C2E636F6D223B6C6F67696E7C733A31333A2261646D696E6973747261646F72223B),
	('0ee17438ad1fb5ca96e5586cdf99c89fe66d04b6', '::1', 1481320266, _binary 0x5F5F63695F6C6173745F726567656E65726174657C693A313438313332303036333B69647C733A313A2231223B757365726E616D657C733A31393A22616775696C6572617140676D61696C2E636F6D223B6C6F67696E7C733A31333A2261646D696E6973747261646F72223B),
	('f4b2840a795a8397ec4037ef182c574f8b1aab3b', '::1', 1481320990, _binary 0x5F5F63695F6C6173745F726567656E65726174657C693A313438313332303833393B69647C733A313A2231223B757365726E616D657C733A31393A22616775696C6572617140676D61696C2E636F6D223B6C6F67696E7C733A31333A2261646D696E6973747261646F72223B),
	('54db5e185680a280f2b4f9eeb6b60716fbc0d920', '::1', 1481321900, _binary 0x5F5F63695F6C6173745F726567656E65726174657C693A313438313332313435383B69647C733A313A2231223B757365726E616D657C733A31393A22616775696C6572617140676D61696C2E636F6D223B6C6F67696E7C733A31333A2261646D696E6973747261646F72223B),
	('69b0ce86c8cb02b386e9a1a7d1015f308568f018', '::1', 1481325275, _binary 0x5F5F63695F6C6173745F726567656E65726174657C693A313438313332353236343B69647C733A313A2231223B757365726E616D657C733A31393A22616775696C6572617140676D61696C2E636F6D223B6C6F67696E7C733A31333A2261646D696E6973747261646F72223B),
	('a5e590d5ba3fe02262f58e009bf65a6a32aeee95', '::1', 1481329748, _binary 0x5F5F63695F6C6173745F726567656E65726174657C693A313438313332393734383B69647C733A313A2231223B757365726E616D657C733A31393A22616775696C6572617140676D61696C2E636F6D223B6C6F67696E7C733A31333A2261646D696E6973747261646F72223B),
	('d66650f305cde18dde1d7112837def99c4784a73', '::1', 1481415404, _binary 0x5F5F63695F6C6173745F726567656E65726174657C693A313438313431353333313B69647C733A313A2231223B757365726E616D657C733A31393A22616775696C6572617140676D61696C2E636F6D223B6C6F67696E7C733A31333A2261646D696E6973747261646F72223B),
	('3375ace6c195df48c0510d8329495cecb60771d6', '::1', 1481415832, _binary 0x5F5F63695F6C6173745F726567656E65726174657C693A313438313431353832353B69647C733A313A2231223B757365726E616D657C733A31393A22616775696C6572617140676D61696C2E636F6D223B6C6F67696E7C733A31333A2261646D696E6973747261646F72223B),
	('ce2e4b865813192b44af2efa1beb39372d27c6c1', '::1', 1481419512, _binary 0x5F5F63695F6C6173745F726567656E65726174657C693A313438313431393437393B69647C733A313A2231223B757365726E616D657C733A31393A22616775696C6572617140676D61696C2E636F6D223B6C6F67696E7C733A31333A2261646D696E6973747261646F72223B),
	('90cbb045567d64821f49964ffd4f2d21a471c9bb', '::1', 1481594696, _binary 0x5F5F63695F6C6173745F726567656E65726174657C693A313438313539343639363B),
	('dcbddc1ba0e3aaf6e1cf267dee4652d7704fd8a3', '::1', 1481643380, _binary 0x5F5F63695F6C6173745F726567656E65726174657C693A313438313634323036313B69647C733A313A2231223B757365726E616D657C733A31393A22616775696C6572617140676D61696C2E636F6D223B6C6F67696E7C733A31333A2261646D696E6973747261646F72223B61646D696E5F6C6F676765647C733A31393A22616775696C6572617140676D61696C2E636F6D223B5F5F63695F766172737C613A313A7B733A31323A2261646D696E5F6C6F67676564223B733A333A226E6577223B7D),
	('709be42d3a436eaef8930586e5a38b45ee40b577', '::1', 1481645184, _binary 0x5F5F63695F6C6173745F726567656E65726174657C693A313438313634333338303B69647C733A313A2231223B757365726E616D657C733A31393A22616775696C6572617140676D61696C2E636F6D223B6C6F67696E7C733A31333A2261646D696E6973747261646F72223B),
	('48d15fa59e74ba25e5864edfbb39b3d131cb48ab', '::1', 1481653971, _binary 0x5F5F63695F6C6173745F726567656E65726174657C693A313438313635333039343B69647C733A313A2231223B757365726E616D657C733A31393A22616775696C6572617140676D61696C2E636F6D223B6C6F67696E7C733A31333A2261646D696E6973747261646F72223B),
	('3976ccb7994a0d5985b00251b0f63ebd3af5c1f7', '::1', 1481654921, _binary 0x5F5F63695F6C6173745F726567656E65726174657C693A313438313635333939303B69647C733A313A2231223B757365726E616D657C733A31393A22616775696C6572617140676D61696C2E636F6D223B6C6F67696E7C733A31333A2261646D696E6973747261646F72223B),
	('c717450b5eaa722c71b9dbb4f2518833c99d29e4', '::1', 1481656352, _binary 0x5F5F63695F6C6173745F726567656E65726174657C693A313438313635363331333B69647C733A313A2231223B757365726E616D657C733A31393A22616775696C6572617140676D61696C2E636F6D223B6C6F67696E7C733A31333A2261646D696E6973747261646F72223B),
	('d25fdaeb0a345a84ca78dd7f7e90ede9f0723bb1', '::1', 1481657633, _binary 0x5F5F63695F6C6173745F726567656E65726174657C693A313438313635373432333B69647C733A313A2231223B757365726E616D657C733A31393A22616775696C6572617140676D61696C2E636F6D223B6C6F67696E7C733A31333A2261646D696E6973747261646F72223B),
	('dc191fcc6722e800b3550ac63df79e4aedebd6a0', '::1', 1481662125, _binary 0x5F5F63695F6C6173745F726567656E65726174657C693A313438313636323030303B69647C733A313A2231223B757365726E616D657C733A31393A22616775696C6572617140676D61696C2E636F6D223B6C6F67696E7C733A31333A2261646D696E6973747261646F72223B),
	('dd37d66cdbcdf405082eed0529ba183058ded0a7', '::1', 1481664652, _binary 0x5F5F63695F6C6173745F726567656E65726174657C693A313438313636343330353B69647C733A313A2231223B757365726E616D657C733A31393A22616775696C6572617140676D61696C2E636F6D223B6C6F67696E7C733A31333A2261646D696E6973747261646F72223B),
	('dc31a8def90841cb37bebb6a8b3e28dc9e5959e2', '::1', 1481664662, _binary 0x5F5F63695F6C6173745F726567656E65726174657C693A313438313636343635333B69647C733A313A2231223B757365726E616D657C733A31393A22616775696C6572617140676D61696C2E636F6D223B6C6F67696E7C733A31333A2261646D696E6973747261646F72223B),
	('14e5d8bfd8c4b1f224b6ddceaac2b46c1e4a7d65', '::1', 1481665026, _binary 0x5F5F63695F6C6173745F726567656E65726174657C693A313438313636353032353B69647C733A313A2231223B757365726E616D657C733A31393A22616775696C6572617140676D61696C2E636F6D223B6C6F67696E7C733A31333A2261646D696E6973747261646F72223B),
	('42a6c7b23fbc4a90faddbf80e99ecd5ab570f413', '::1', 1481665598, _binary 0x5F5F63695F6C6173745F726567656E65726174657C693A313438313636353537383B69647C733A313A2231223B757365726E616D657C733A31393A22616775696C6572617140676D61696C2E636F6D223B6C6F67696E7C733A31333A2261646D696E6973747261646F72223B),
	('76c545d8e84f45a8fa52f237e11bcada5b8fd55b', '::1', 1481667976, _binary 0x5F5F63695F6C6173745F726567656E65726174657C693A313438313636373935373B69647C733A313A2231223B757365726E616D657C733A31393A22616775696C6572617140676D61696C2E636F6D223B6C6F67696E7C733A31333A2261646D696E6973747261646F72223B),
	('4b6cb25899b611242aee224b9fa32cd3d2d44745', '::1', 1481668651, _binary 0x5F5F63695F6C6173745F726567656E65726174657C693A313438313636383339373B69647C733A313A2231223B757365726E616D657C733A31393A22616775696C6572617140676D61696C2E636F6D223B6C6F67696E7C733A31333A2261646D696E6973747261646F72223B),
	('a4df22f8a8a5e173addda87208b1cdb67caabf9f', '::1', 1481668837, _binary 0x5F5F63695F6C6173745F726567656E65726174657C693A313438313636383734363B69647C733A313A2231223B757365726E616D657C733A31393A22616775696C6572617140676D61696C2E636F6D223B6C6F67696E7C733A31333A2261646D696E6973747261646F72223B),
	('66eb54bbc1cf1fc918f521cc8d54606bc47a59da', '::1', 1481669576, _binary 0x5F5F63695F6C6173745F726567656E65726174657C693A313438313636393337323B69647C733A313A2231223B757365726E616D657C733A31393A22616775696C6572617140676D61696C2E636F6D223B6C6F67696E7C733A31333A2261646D696E6973747261646F72223B),
	('9aba0814fd1ad2ccd82992507cd50347bd367412', '::1', 1481670005, _binary 0x5F5F63695F6C6173745F726567656E65726174657C693A313438313636393833363B69647C733A313A2231223B757365726E616D657C733A31393A22616775696C6572617140676D61696C2E636F6D223B6C6F67696E7C733A31333A2261646D696E6973747261646F72223B),
	('5437032f5cf61f713615c7cc4d68a3058e7237e0', '::1', 1481670365, _binary 0x5F5F63695F6C6173745F726567656E65726174657C693A313438313637303233383B69647C733A313A2231223B757365726E616D657C733A31393A22616775696C6572617140676D61696C2E636F6D223B6C6F67696E7C733A31333A2261646D696E6973747261646F72223B),
	('ee88077c9e3577adb8fa2a499f1452a08102518d', '::1', 1481670943, _binary 0x5F5F63695F6C6173745F726567656E65726174657C693A313438313637303732323B69647C733A313A2231223B757365726E616D657C733A31393A22616775696C6572617140676D61696C2E636F6D223B6C6F67696E7C733A31333A2261646D696E6973747261646F72223B),
	('fb63c94bb57f4761eedd05c1e00586951611595d', '::1', 1481671552, _binary 0x5F5F63695F6C6173745F726567656E65726174657C693A313438313637313336333B69647C733A313A2231223B757365726E616D657C733A31393A22616775696C6572617140676D61696C2E636F6D223B6C6F67696E7C733A31333A2261646D696E6973747261646F72223B),
	('da1851d93f5ab76b7a7e6640843178e740335cdf', '::1', 1481672038, _binary 0x5F5F63695F6C6173745F726567656E65726174657C693A313438313637313735373B69647C733A313A2231223B757365726E616D657C733A31393A22616775696C6572617140676D61696C2E636F6D223B6C6F67696E7C733A31333A2261646D696E6973747261646F72223B),
	('d7cd451743f4df15204e6add5f07fafe29a61791', '::1', 1481672476, _binary 0x5F5F63695F6C6173745F726567656E65726174657C693A313438313637323132333B69647C733A313A2231223B757365726E616D657C733A31393A22616775696C6572617140676D61696C2E636F6D223B6C6F67696E7C733A31333A2261646D696E6973747261646F72223B),
	('e78ba26771997e264bccb4b2bf1903beeb9ee8ab', '::1', 1481672593, _binary 0x5F5F63695F6C6173745F726567656E65726174657C693A313438313637323531313B69647C733A313A2231223B757365726E616D657C733A31393A22616775696C6572617140676D61696C2E636F6D223B6C6F67696E7C733A31333A2261646D696E6973747261646F72223B),
	('8a3dadef6ac52df64e1c4ffa9a0c056b458077e6', '::1', 1481673116, _binary 0x5F5F63695F6C6173745F726567656E65726174657C693A313438313637323836373B69647C733A313A2231223B757365726E616D657C733A31393A22616775696C6572617140676D61696C2E636F6D223B6C6F67696E7C733A31333A2261646D696E6973747261646F72223B),
	('273481bbbc5c69134319bde56715e42ced56f046', '::1', 1481674161, _binary 0x5F5F63695F6C6173745F726567656E65726174657C693A313438313637333137303B69647C733A313A2231223B757365726E616D657C733A31393A22616775696C6572617140676D61696C2E636F6D223B6C6F67696E7C733A31333A2261646D696E6973747261646F72223B),
	('fb828aab8ef8729e6d81e24b3a554c67faa7e3e0', '::1', 1481674493, _binary 0x5F5F63695F6C6173745F726567656E65726174657C693A313438313637343137323B69647C733A313A2231223B757365726E616D657C733A31393A22616775696C6572617140676D61696C2E636F6D223B6C6F67696E7C733A31333A2261646D696E6973747261646F72223B),
	('de90dd6e0f78dcd10fa1e7f2a253ea7bc865c0d3', '::1', 1481674697, _binary 0x5F5F63695F6C6173745F726567656E65726174657C693A313438313637343439343B69647C733A313A2231223B757365726E616D657C733A31393A22616775696C6572617140676D61696C2E636F6D223B6C6F67696E7C733A31333A2261646D696E6973747261646F72223B),
	('33dd45e54307e8ac225da1842c74ad9131f20052', '::1', 1481675049, _binary 0x5F5F63695F6C6173745F726567656E65726174657C693A313438313637343939303B69647C733A313A2231223B757365726E616D657C733A31393A22616775696C6572617140676D61696C2E636F6D223B6C6F67696E7C733A31333A2261646D696E6973747261646F72223B),
	('6172da249092a83ec1f1871ae88ac16c6c021810', '::1', 1481676648, _binary 0x5F5F63695F6C6173745F726567656E65726174657C693A313438313637363633313B69647C733A313A2231223B757365726E616D657C733A31393A22616775696C6572617140676D61696C2E636F6D223B6C6F67696E7C733A31333A2261646D696E6973747261646F72223B),
	('4b42f5e980d028aeba27eb9b5e25130548dca804', '::1', 1481744143, _binary 0x5F5F63695F6C6173745F726567656E65726174657C693A313438313734333930393B69647C733A313A2231223B757365726E616D657C733A31393A22616775696C6572617140676D61696C2E636F6D223B6C6F67696E7C733A31333A2261646D696E6973747261646F72223B),
	('d5819d3a21dbc914acfdd856f2728ca40f9a73d4', '::1', 1481744792, _binary 0x5F5F63695F6C6173745F726567656E65726174657C693A313438313734343436373B69647C733A313A2231223B757365726E616D657C733A31393A22616775696C6572617140676D61696C2E636F6D223B6C6F67696E7C733A31333A2261646D696E6973747261646F72223B),
	('c1a844cc878dce7d6f2d7685e01cd643f5c8ab07', '::1', 1481744797, _binary 0x5F5F63695F6C6173745F726567656E65726174657C693A313438313734343739363B69647C733A313A2231223B757365726E616D657C733A31393A22616775696C6572617140676D61696C2E636F6D223B6C6F67696E7C733A31333A2261646D696E6973747261646F72223B),
	('c00fc1e733e889690e639076c25c7645ad9fc211', '::1', 1481751631, _binary 0x5F5F63695F6C6173745F726567656E65726174657C693A313438313735313433353B69647C733A313A2231223B757365726E616D657C733A31393A22616775696C6572617140676D61696C2E636F6D223B6C6F67696E7C733A31333A2261646D696E6973747261646F72223B),
	('ba52510a0fa82341e750cbf5d87bb9e9dd9ea51d', '::1', 1481752273, _binary 0x5F5F63695F6C6173745F726567656E65726174657C693A313438313735323237333B),
	('5541f3bfdb85899d2ad11c41ba41137d39367f07', '::1', 1483371594, _binary 0x5F5F63695F6C6173745F726567656E65726174657C693A313438333337313539343B);
/*!40000 ALTER TABLE `ci_sessions` ENABLE KEYS */;


-- Volcando estructura para tabla db_ujp_lib.groups
CREATE TABLE IF NOT EXISTS `groups` (
  `id` mediumint(8) unsigned NOT NULL AUTO_INCREMENT,
  `name` varchar(20) NOT NULL,
  `description` varchar(100) NOT NULL,
  PRIMARY KEY (`id`)
) ENGINE=InnoDB AUTO_INCREMENT=4 DEFAULT CHARSET=utf8;

-- Volcando datos para la tabla db_ujp_lib.groups: ~3 rows (aproximadamente)
/*!40000 ALTER TABLE `groups` DISABLE KEYS */;
INSERT INTO `groups` (`id`, `name`, `description`) VALUES
	(1, 'Administrador', 'Usuario con todos los permisos.'),
	(2, 'Alumno', 'Estudiante'),
	(3, 'Maestro', 'Maestro');
/*!40000 ALTER TABLE `groups` ENABLE KEYS */;


-- Volcando estructura para tabla db_ujp_lib.users
CREATE TABLE IF NOT EXISTS `users` (
  `id` int(11) unsigned NOT NULL AUTO_INCREMENT,
  `email` varchar(100) NOT NULL,
  `password` varchar(255) NOT NULL,
  `first_name` varchar(50) NOT NULL,
  `last_name` varchar(50) NOT NULL,
  `token` varchar(60) DEFAULT NULL,
  `request_token` timestamp NULL DEFAULT NULL,
  `active` tinyint(1) unsigned NOT NULL DEFAULT '1',
  `created_at` timestamp NULL DEFAULT CURRENT_TIMESTAMP,
  PRIMARY KEY (`id`)
) ENGINE=InnoDB AUTO_INCREMENT=4 DEFAULT CHARSET=utf8;

-- Volcando datos para la tabla db_ujp_lib.users: ~3 rows (aproximadamente)
/*!40000 ALTER TABLE `users` DISABLE KEYS */;
INSERT INTO `users` (`id`, `email`, `password`, `first_name`, `last_name`, `token`, `request_token`, `active`, `created_at`) VALUES
	(1, 'aguileraq@gmail.com', '22a9f82659a2aa4482b042f02cc2af6a63a1eca6', 'Carlos de Jesús', 'Aguilera Acevedo', NULL, NULL, 1, '2016-10-12 01:17:04'),
	(2, 'alumno@gmail.com', '12345', 'Carlos de Jesus', 'Aguilera Acevedo', NULL, '0000-00-00 00:00:00', 1, '2016-11-12 16:59:30'),
	(3, 'garcia_garcia_adrian@hotmail.com', '7c4a8d09ca3762af61e59520943dc26494f8941b', 'Adrian', 'García', NULL, NULL, 1, '2016-11-12 16:59:54');
/*!40000 ALTER TABLE `users` ENABLE KEYS */;


-- Volcando estructura para tabla db_ujp_lib.users_detail
CREATE TABLE IF NOT EXISTS `users_detail` (
  `id` int(11) NOT NULL AUTO_INCREMENT,
  `address` varchar(250) NOT NULL,
  `city` varchar(50) NOT NULL,
  `state` varchar(50) NOT NULL,
  `postal_code` varchar(5) NOT NULL,
  `country` varchar(50) NOT NULL,
  `phone` varchar(50) NOT NULL,
  `user_id` int(11) unsigned NOT NULL,
  PRIMARY KEY (`id`),
  KEY `FK_users_detail_users` (`user_id`),
  CONSTRAINT `FK_users_detail_users` FOREIGN KEY (`user_id`) REFERENCES `users` (`id`) ON DELETE CASCADE ON UPDATE CASCADE
) ENGINE=InnoDB AUTO_INCREMENT=2 DEFAULT CHARSET=utf8;

-- Volcando datos para la tabla db_ujp_lib.users_detail: ~0 rows (aproximadamente)
/*!40000 ALTER TABLE `users_detail` DISABLE KEYS */;
INSERT INTO `users_detail` (`id`, `address`, `city`, `state`, `postal_code`, `country`, `phone`, `user_id`) VALUES
	(1, 'Calle 2', 'Veracruz', 'Veracruz', '91757', 'México', '2291387063', 1);
/*!40000 ALTER TABLE `users_detail` ENABLE KEYS */;


-- Volcando estructura para tabla db_ujp_lib.users_groups
CREATE TABLE IF NOT EXISTS `users_groups` (
  `id` int(11) unsigned NOT NULL AUTO_INCREMENT,
  `user_id` int(11) unsigned NOT NULL,
  `group_id` mediumint(8) unsigned NOT NULL,
  PRIMARY KEY (`id`),
  UNIQUE KEY `uc_users_groups` (`user_id`,`group_id`),
  KEY `fk_users_groups_users1_idx` (`user_id`),
  KEY `fk_users_groups_groups1_idx` (`group_id`),
  CONSTRAINT `fk_users_groups_groups1` FOREIGN KEY (`group_id`) REFERENCES `groups` (`id`) ON DELETE CASCADE ON UPDATE NO ACTION,
  CONSTRAINT `fk_users_groups_users1` FOREIGN KEY (`user_id`) REFERENCES `users` (`id`) ON DELETE CASCADE ON UPDATE NO ACTION
) ENGINE=InnoDB AUTO_INCREMENT=4 DEFAULT CHARSET=utf8;

-- Volcando datos para la tabla db_ujp_lib.users_groups: ~3 rows (aproximadamente)
/*!40000 ALTER TABLE `users_groups` DISABLE KEYS */;
INSERT INTO `users_groups` (`id`, `user_id`, `group_id`) VALUES
	(1, 1, 1),
	(2, 2, 2),
	(3, 3, 1);
/*!40000 ALTER TABLE `users_groups` ENABLE KEYS */;
/*!40101 SET SQL_MODE=IFNULL(@OLD_SQL_MODE, '') */;
/*!40014 SET FOREIGN_KEY_CHECKS=IF(@OLD_FOREIGN_KEY_CHECKS IS NULL, 1, @OLD_FOREIGN_KEY_CHECKS) */;
/*!40101 SET CHARACTER_SET_CLIENT=@OLD_CHARACTER_SET_CLIENT */;
